{
	"partials": {
		"menu": {
			"close": "Close",
			"menu": "Menu"
		},
		
		"pagination": {
			"prev": "Previous",
			"next": "Next"
		},

		"shareButtons": {
			"shareWithFacebook": "Share with Facebook",
			"shareWithTwitter": "Share with Twitter",
			"shareWithPinterest": "Share with Pinterest",
			"shareWithMix": "Share with Mix",
			"shareWithLinkedIn": "Share with LinkedIn",
			"shareWithBuffer": "Share with Buffer",
			"shareWithWhatsApp": "Share with WhatsApp"
		}
	},

	"common": {
		"publishedBy": "by"
	},

	"post": {
		"relatedPosts": "Related posts:"
	},

	"page": {
		"childPages": "Child pages"
	},

	"tags": {
		"tagsPageTitle": "Tags",
		"description": "Collection of all tags"
	},

	"author": {
		"visitWebsite": "Visit website"
	},

	"error": {
		"404": "404",
		"pageNotFound": "Page not found.",
		"message1": "Ooops, something went wrong! ",
		"message2": "The page you were looking for appears to have been moved, deleted or does not exist. You could go back to where you were or head straight to our home page.",
		"button": "Go home"
	}
}